Category,Question,Response
ORDER,I have a question about my order.,Thank you for reaching out! Please provide your order number so I can assist you with any questions related to your order.
ORDER,How can I modify my order after placing it?,"Once an order has been placed, it cannot be modified. If it's still processing, you may be able to cancel it and reorder."
ORDER,Can I change the shipping address after placing the order?,"Unfortunately, we cannot change the shipping address after the order has been confirmed. Please contact support for more assistance."
ORDER,"My order has been delayed, what should I do?","We're sorry for the delay. Please check the tracking details, and if the issue persists, contact customer support for further assistance."
ORDER,"I received a notification that my order was shipped, but I haven't received it.","Please check the tracking number. If the package is still in transit, it may take a few more days. If there’s no update, reach out to support."
ORDER,How do I cancel my order?,"To cancel your order, please go to the 'Order History' section of your account and request a cancellation if it hasn’t been processed yet."
ORDER,Why was my order canceled?,"Orders can be canceled for various reasons, including payment issues or stock unavailability. You should have received an email with more details."
ORDER,Can I get a discount on my order?,Discounts may be available during certain promotions. Check the current offers on our website or contact customer service for more information.
ORDER,How long does it take for my order to arrive?,The delivery time depends on your location and the shipping method selected. You can track your order for more accurate delivery estimates.
ORDER,"I want to change the product in my order, is that possible?","Unfortunately, we cannot modify an order once it's placed. However, if it's still processing, you may cancel it and reorder the desired product."
SHIPPING_ADDRESS,How can I update my shipping address?,"Log in to your account and navigate to the 'Shipping Information' section. If the order is already shipped, please contact customer support for assistance."
SHIPPING_ADDRESS,How do I add a new address to my account?,"To add a new address, go to the 'Account Settings' section and click 'Add Address'. From there, you can enter the new shipping details."
SHIPPING_ADDRESS,Can I change my address after my order has been shipped?,"Once the order has been shipped, the shipping address cannot be changed. Please contact our support team for further help if necessary."
SHIPPING_ADDRESS,Can I use a PO Box for my shipping address?,"Yes, you can use a PO Box as a shipping address. However, please note that certain carriers may not deliver to PO Boxes."
SHIPPING_ADDRESS,Why was my shipping address not recognized?,"Ensure that the address is entered correctly, including postal codes and country names. If the issue persists, please contact our support team."
SHIPPING_ADDRESS,"I provided the wrong address, how do I correct it?","If the order hasn’t been processed or shipped yet, please update your address in your account settings or contact support for assistance."
SHIPPING_ADDRESS,Can I change my delivery address after dispatch?,"Unfortunately, once an item is dispatched, we cannot change the delivery address. Please contact the courier directly if you need assistance."
SHIPPING_ADDRESS,I need to cancel my order because I entered the wrong address.,"If your order has not yet been shipped, you may cancel it. Please contact customer support immediately for assistance."
PAYMENT,"I’m having trouble with my payment, what should I do?","Please verify that your payment method is valid and has sufficient funds. If the issue persists, contact customer support for troubleshooting."
PAYMENT,Why was my payment declined?,"Payment may be declined for reasons like insufficient funds, incorrect card details, or payment gateway issues. Please check your payment information."
PAYMENT,Can I pay with multiple credit cards?,"Currently, we accept only one credit card per transaction. Please choose one payment method for your order."
PAYMENT,Do you accept PayPal as a payment method?,"Yes, we accept PayPal for payments. Simply select PayPal at checkout to complete your purchase."
PAYMENT,How do I apply a gift card to my order?,You can enter your gift card code during checkout in the designated field. The balance will be applied to your order total.
PAYMENT,"I was charged twice for my order, what should I do?","We apologize for the inconvenience. Please contact our support team with your order details, and we will investigate and resolve the issue."
PAYMENT,How can I update my payment method?,Log into your account and go to 'Payment Information' to update your payment method for future orders.
PAYMENT,Can I use my store credit to pay for my order?,"Yes, if you have store credit, you can apply it during checkout by selecting it as your payment method."
PAYMENT,How long will it take for my payment to process?,"Payments usually process instantly, but bank or payment provider delays may occur. If it takes longer, please contact customer support."
REFUND,How can I request a refund for my order?,"Refunds are processed based on the return policy. To request a refund, log into your account and follow the instructions under 'Order History' or contact customer support."
REFUND,I want a refund for a product I don't like.,"If your product is eligible for a return, please visit our return policy page to initiate the return and refund process."
REFUND,How long does it take to get a refund?,"Refunds can take 5-10 business days to process, depending on the payment method. You will receive a notification once the refund is completed."
REFUND,Why hasn't my refund been processed yet?,"Refund processing can take a few days. Please ensure that you’ve followed the correct return procedure. If it’s been over 10 days, contact our support team for help."
REFUND,Can I get a refund for an item that I opened and used?,Refunds for opened or used items may be subject to our return policy. Please contact our support team for more details.
REFUND,Can I get a refund if my order never arrived?,"If your order never arrived, please contact our support team immediately. We’ll investigate the issue and issue a refund or replacement if necessary."
REFUND,"My order was damaged, how can I get a refund?",Please contact customer support and provide photos of the damaged product. We will process a return and refund as soon as possible.
REFUND,Can I exchange my product instead of getting a refund?,"Yes, you can request an exchange for the same product or a different one, depending on availability. Please contact customer support for more details."
REFUND,How do I know if I'm eligible for a refund?,Eligibility for a refund depends on our return policy. You can review the policy on our website or contact customer support for clarification.
REFUND,I was refunded incorrectly.,"Apologies for the inconvenience. Please contact our customer support team with the details of your order, and we will look into the issue."
ACCOUNT,I can't log into my account.,"If you're having trouble logging in, please reset your password using the 'Forgot Password' link. If you still can't access your account, contact support for help."
ACCOUNT,How do I change my account email address?,"Log into your account and go to the 'Account Settings' section. There, you can update your email address."
ACCOUNT,How do I delete my account?,"To delete your account, please contact our support team. We’ll process your request as soon as possible."
ACCOUNT,How do I change my password?,Go to the 'Account Settings' section and click 'Change Password'. Enter your new password and confirm the change.
ACCOUNT,"I think my account has been hacked, what should I do?","If you suspect your account has been compromised, immediately change your password and contact customer support to secure your account."
ACCOUNT,How can I recover my password?,"Click the 'Forgot Password' link on the login page, and follow the instructions sent to your email to reset your password."
ACCOUNT,Why was my account suspended?,Accounts may be suspended for reasons such as violations of terms of service. You should have received an email with details on the suspension.
ACCOUNT,Can I link my social media account to my customer account?,"Currently, we do not support linking social media accounts directly to your customer account."
ACCOUNT,How do I unsubscribe from your newsletter?,"To unsubscribe from our newsletter, click the 'Unsubscribe' link at the bottom of the email or go to the 'Email Preferences' section in your account settings."
PRODUCT_ISSUE,"The product I received is damaged, what do I do?","We're sorry to hear that! Please reach out to customer support with photos of the damaged product, and we’ll assist you with a return or replacement."
PRODUCT_ISSUE,The item I received doesn’t match the description on your website.,"We apologize for the inconvenience. Please contact support with your order details, and we'll arrange for a return and replacement."
PRODUCT_ISSUE,The product doesn't work as expected.,"We're sorry you're not satisfied with your product. Please contact customer support, and we can assist with a return or exchange."
PRODUCT_ISSUE,"The size I ordered doesn't fit, what should I do?","If the product is eligible for a return, you can exchange it for a different size or return it for a refund. Please check our return policy for more details."
PRODUCT_ISSUE,Can I get a replacement for a faulty product?,"Yes, we offer replacements for faulty products under our warranty. Please contact support for assistance with your return and replacement process."
PRODUCT_ISSUE,How do I report a defect in the product?,You can report defects by contacting customer support with your order number and photos of the defect.
PRODUCT_ISSUE,Do you offer product warranties?,"Yes, we offer warranties for certain products. Please refer to the product page or contact support for warranty details."
PRODUCT_ISSUE,Can I get a refund for a product I didn’t like?,Refunds are typically allowed within the return window. Please review our return policy and contact support to initiate a return.
DISCOUNT,How can I use my discount code?,"Simply enter your discount code at checkout in the designated field, and the discount will be applied to your order total."
DISCOUNT,Can I use more than one discount code on my order?,"Currently, only one discount code can be used per order. Please choose the code that offers the best discount."
DISCOUNT,Do you offer seasonal sales or discounts?,"Yes, we have seasonal promotions and discounts. Keep an eye on our website or subscribe to our newsletter to stay updated on upcoming offers."
DISCOUNT,How do I apply a first-time buyer discount?,First-time buyer discounts are applied automatically during checkout. Just make sure you're logged into your account.
DISCOUNT,"I can't apply my promo code, what do I do?","Ensure that the promo code is entered correctly and that it hasn’t expired. If the problem persists, contact customer support for assistance."
DISCOUNT,How long is my discount code valid for?,Discount code validity varies. Please refer to the terms and conditions associated with the promo code for expiration details.
ORDER_TRACKING,How do I track my order?,"You can track your order by visiting the 'Order History' section in your account, where you will find the tracking number."
ORDER_TRACKING,Why is my order still processing?,"Orders may take time to process, especially during high-demand periods. If you’re concerned, please contact customer support for an update."
ORDER_TRACKING,"My order shows delivered, but I haven’t received it.","Please check with your neighbors or the carrier. If you still can’t locate your package, contact customer support for further assistance."
ORDER_TRACKING,How do I report a lost shipment?,"If your package is lost in transit, please reach out to our customer support team with your tracking number, and we will investigate the issue."
ORDER_TRACKING,Can I get a refund if my order was lost in transit?,"If your order is lost in transit, we will investigate with the carrier. If we confirm the loss, we will issue a refund or replacement."
ORDER,Can I change the quantity of items in my order after checkout?,"Once the order is placed, the quantity cannot be modified. However, if it hasn’t been processed, you may be able to cancel and reorder."
ORDER,I accidentally ordered the wrong item. How can I fix this?,"If the order is still processing, you may be able to cancel it and reorder the correct item. Contact customer support for assistance."
ORDER,Can I request expedited shipping after placing an order?,"Unfortunately, shipping methods cannot be modified after an order is placed. You may want to cancel and reorder with expedited shipping."
ORDER,How do I know when my order is arriving?,"You can track your order status through your account. Once shipped, the estimated delivery date will be shown."
ORDER,Can I add a gift message to my order?,"Yes, you can add a gift message at checkout in the special instructions field."
SHIPPING_ADDRESS,How do I delete an old shipping address from my account?,Go to 'Account Settings' and remove the outdated address from your saved addresses list.
SHIPPING_ADDRESS,Can I have my order shipped to multiple addresses?,"Unfortunately, we currently do not offer the ability to ship to multiple addresses in one order."
SHIPPING_ADDRESS,Can I change the recipient's name on my order?,"Once the order is placed, the recipient’s name cannot be changed. You may need to cancel and reorder."
SHIPPING_ADDRESS,Why is my address showing as invalid?,"Please check that the address is formatted correctly, including postal codes. If the issue persists, contact customer service for assistance."
SHIPPING_ADDRESS,Can I ship to an international address?,"Yes, we offer international shipping. Please check if the product you are ordering is available for international delivery."
PAYMENT,How can I update my credit card information?,Go to your account settings and select 'Payment Information' to update your credit card details.
PAYMENT,Why was my payment not processed?,Payments may fail due to incorrect payment information or insufficient funds. Please review your payment details or try a different method.
PAYMENT,How can I get an invoice for my order?,You can download an invoice from the 'Order History' section in your account once your order has been processed.
PAYMENT,Can I pay using Apple Pay?,"Yes, we accept Apple Pay at checkout if you are using an eligible device."
PAYMENT,How do I know if my payment was successful?,"Once the payment is processed, you will receive a confirmation email with your order details."
REFUND,How do I request a refund for an order I no longer want?,"Please visit the 'Order History' section and select the option to request a return. If you need help, feel free to contact customer support."
REFUND,Will I get my money back if I return a product?,"Yes, once the returned product is processed, we will issue a refund to your original payment method."
REFUND,Can I get a refund for a digital product?,Refunds for digital products may be subject to our digital product return policy. Please review the policy or contact customer service for more details.
REFUND,How long does it take to get a refund after returning an item?,"Refunds typically take 5-10 business days to be processed and reflected in your account, depending on your payment provider."
REFUND,Do I have to pay for return shipping?,Return shipping costs may apply unless the product is defective or the return is due to an error on our part.
FEEDBACK,How do I leave feedback for your customer service?,We would love to hear your feedback! You can leave a review directly on our website or contact our support team to share your experience.
FEEDBACK,Can I review a product I've already purchased?,"Yes, you can leave a review for any product you’ve purchased by going to the product page on our website and selecting 'Write a Review'."
FEEDBACK,How do I report a problem with a product I bought?,"If the product is defective or not as expected, please contact customer support with your order details, and we’ll resolve the issue."
FEEDBACK,Will you improve your products based on customer feedback?,"Yes, we constantly evaluate customer feedback to improve our products and services. Thank you for sharing your thoughts!"
FEEDBACK,How can I suggest a new feature for your website?,You can submit your suggestions via the 'Contact Us' page or directly email our support team with your ideas.
ACCOUNT,How do I create an account?,"To create an account, simply click on 'Sign Up' on our website and fill in the required details to get started."
ACCOUNT,Can I add multiple payment methods to my account?,"Currently, we only allow one payment method per transaction, but you can save multiple payment methods for convenience."
ACCOUNT,How do I reset my password?,"Click the 'Forgot Password' link on the login page, and you will receive a password reset email."
ACCOUNT,How do I close my account permanently?,"If you would like to close your account, please contact customer support, and we will process your request."
ACCOUNT,Can I add my birthday to my account?,You can add or update your birthday in the 'Account Settings' section under personal information.
ACCOUNT,How do I manage my email preferences?,Go to 'Account Settings' and select 'Email Preferences' to update your communication preferences.
PRODUCT_ISSUE,"My product is missing parts, what do I do?","We apologize for the inconvenience. Please contact customer support, and we will send you the missing parts or assist with a return."
PRODUCT_ISSUE,The color of the item I received doesn’t match the one on your website.,"We’re sorry for the discrepancy. Please contact support, and we’ll assist you with a return or exchange for the correct color."
PRODUCT_ISSUE,"The product I received is expired, how can I get a replacement?","Please contact customer support with your order details, and we’ll arrange for a replacement or refund."
PRODUCT_ISSUE,My item is not working as expected. Can I get a replacement?,"Yes, please contact customer support with your order details, and we’ll arrange a replacement if the item is faulty."
PRODUCT_ISSUE,Can I return a product that I’ve used but no longer want?,Returns for used products may be subject to our return policy. Please check the return guidelines or contact customer service for assistance.
PRODUCT_ISSUE,My product arrived with a broken seal. Is it still safe to use?,"If the seal is broken, please reach out to our support team to report the issue and determine if a return or replacement is necessary."
PRODUCT_ISSUE,How do I report a product that doesn't work?,You can report a defective product by contacting customer support with your order number and details about the issue.
